,mean,std
ev_in,5.0,0.816496580927726
white_balance_a,1.3333333333333333,0.24944382578492946
white_balance_b,2.1999999999999997,0.2943920288775948
zoom_suggestion,1.0333333333333334,0.09428090415820638
dx,4.0,9.092121131323903
dy,4.666666666666667,6.342099196813483
